{"N3V9e/n+X9P9Rp0jYW2Lrw==":"shutterstock-2000x1333.jpg","ti/47pdsTsD3das9JzvwfA==":"shutterstock-2000x1321.jpg","yqKvWUvBHU9+rXaIRjF2EQ==":"screen%20shot%202017-04-03%20at%202-415x128.png","z4uNubiwiWSFDhbF0Yrzcg==":"logo-transparent-2x-blue-353x128.png","1EYai+6hi6Qe2uwpSOVmyQ==":"color-restore-489x128.png","X0o0Qyv/udRS0rD25IFZfw==":"restore%20png%20white-489x128.png","Cq6mP6AdXvVBl8FTdRXlGg==":"restore-chatsworth-front-2000x1334.jpg","xrr3ybA8W+IJw2WX6nonBQ==":"restore-health-pool-shot-2000x1333.jpg","sx72KRCxiYkkd4GKq8LnOQ==":"restore-chatsworth-staircase-2000x1334.jpg","5yR5K6RmY+XjEoB1XH1eFQ==":"restore-chatsworth-kitchen-2000x1334.jpg","DJ9NQ8bmJz+whsQsZ38SVQ==":"473a4247-2000x1334.jpg","KaZq/saK3edSee+7wlnP+A==":"restore-meeting-2000x1334.jpg","2t0cPuwGrF1mzCHhZWFUCw==":"restore-group-2000x1333.jpg","V05boGYU5hhSzyAPES3Bzw==":"restore-exercise-program-2000x1333.jpg","XgIrIiRukdWAlIkO8igq1g==":"b1b6e1db-alcohol-rehab-centers_0pm07x0pl07w000000.gif"}